phase,time_relative,time_absolute,event,category,confidence,notes
Formation,-4.567 Gyr,4567.30 Ma,Solar system forms; CAIs condense as the first solids,Solar,Firm,"Date firm to +/- 0.16 Myr. Birth trigger contested: supernova vs Wolf-Rayet bubble vs ambient ISM inheritance. High 26Al with low 60Fe is the key tension."
Formation,-4.567 Gyr,~4567 Ma,Chondrules form over a 2-3 Myr window,Solar,Firm,"Iron meteorite parent bodies differentiate within ~1 Myr of CAIs."
Formation,-4.566 Gyr,~4566 Ma,Planetesimals form via streaming instability; pebble accretion builds giant planet cores,Solar,Moderate,"Bypasses the meter-size barrier. Giant cores must form within the few-Myr gas disk lifetime."
Formation,-4.56 Gyr,~4560 Ma,Giant planet migration (Grand Tack); inner disk truncated,Solar,Speculative,"Explains Mars's small mass and the asteroid belt's two source populations."
Formation,-4.51 to -4.35 Gyr,4510-4350 Ma,Theia impact forms the Moon,Earth,Model-dependent,"Competing models: canonical (Canup & Asphaug 2001), fast-spinning Earth (Cuk & Stewart 2012), synestia (Lock & Stewart 2018), multiple impacts (Rufu 2017), immediate satellite (Kegerreis 2022). Isotopic similarity is the central problem."
Formation,-4.51 to -4.35 Gyr,—,Post-impact: global magma ocean; rock vapor atmosphere at 2300-3500 K,Earth,Firm,"Moon orbits at ~3-4 Earth radii. Day length ~5 hr (Touma & Wisdom) or under 2.5 hr with high obliquity (Cuk 2016)."
Formation,-4.5 Gyr,~4500 Ma,LLVPs emplaced at the core-mantle boundary,Earth,Contested,"Yuan et al. 2023 proposes these are buried fragments of Theia's mantle. Alternatives: subducted crust or basal magma ocean cumulates."
Formation,-4.4 to -4.3 Gyr,4400-4300 Ma,First oceans; liquid water at the surface,Earth,Firm,"Jack Hills zircons: elevated delta-18O indicates low-temperature water interaction. The 'cool early Earth.'"
Formation,-3.9 Gyr,~3900 Ma,Possible Late Heavy Bombardment,Solar,Contested,"May not have happened. Apollo sample ages may be an Imbrium ejecta artifact. Many now favor an early instability within ~100 Myr of formation."
Present,0,2026 CE,"Sun at 1 L-sun; Moon recedes 3.83 cm/yr; day lengthens 1.7-2.4 ms/century",Reference,Firm,"CO2 ~425 ppm. Obliquity stable at 23.3 +/- 1.3 degrees thanks to the Moon."
Decline,+250 Myr,—,Next supercontinent assembles; lethal continental interior heat,Earth,Speculative,"Four scenarios: Pangaea Ultima, Novopangaea, Aurica, Amasia. Farnsworth et al. 2023 projects 40-70 C interiors and near-total mammalian extinction. Only 8-16% of land stays survivable. Arrives ~4x sooner than the classic deadlines."
Decline,+250 Myr,—,Day length reaches ~25 hours,Earth,Firm,"Tidal spin-down continues but decelerates asymptotically."
Decline,+0.65 to +1.3 Gyr,—,CO2 starvation; C3 then C4 photosynthesis fails,Biosphere,Model-dependent,"C3 fails below ~150 ppm, C4 below ~10 ppm. Caldeira & Kasting 1992 give 0.9-1.5 Gyr; Lenton & von Bloh 0.8-1.2 Gyr; Franck ~500 Myr. The carbonate-silicate thermostat draws CO2 down as the Sun brightens."
Decline,+1.08 Gyr,—,Atmospheric oxygen collapses; ozone layer lost,Biosphere,Fairly firm,"Ozaki & Reinhard 2021: 1.08 +/- 0.14 Gyr, over a ~10000 yr transition. Reverts to an Archean-like state. Precedes ocean loss."
Decline,+1 to +1.5 Gyr,—,Animals and most eukaryotes die out,Biosphere,Moderate,"Heat, unshielded UV, and anoxia compound."
Decline,+1.5 Gyr,—,Earth enters chaotic obliquity regime,Earth,Moderate,"As the Moon recedes, Earth's precession frequency drifts into secular spin-orbit resonances. Obliquity could wander 0-85 degrees (Laskar 1993). Lissauer 2012 argues this is less catastrophic than originally framed."
Decline,+0.65 to +2 Gyr,—,Moist/runaway greenhouse; oceans evaporate,Earth,Model-dependent,"1-D models (Kasting, Kopparapu 2013) say 0.65-1 Gyr. 3-D cloud models (Wolf & Toon 2015) say 1.5-2 Gyr. Leconte 2013 finds no distinct moist-greenhouse state at all. This is the single widest disagreement in the timeline."
Decline,+1 to +2 Gyr,—,"Hypersaline seas, vast evaporite deposits, final brine refugia",Earth,Moderate,"Last standing water is dense brine. Thermohalophile habitat."
Decline,+1.5 to +2.8 Gyr,—,Last deep-subsurface microbes die; biosphere ends,Biosphere,Moderate,"Upper temperature limit for life is 122 C (Methanopyrus kandleri, Takai 2008). O'Malley-James puts detectable biosignatures ending at 2.0-2.8 Gyr."
Decline,+2 Gyr onward,—,"Venus-like Earth: thick CO2 atmosphere, no oceans, baking crust",Earth,Firm,"Runaway greenhouse can drive surface temperatures toward 1500-1600 K in the extreme limit."
Decline,+1 to +5 Gyr,—,Mantle cooling ends plate tectonics; transition to stagnant lid,Earth,Moderate,"Radiogenic heat from U, Th, K declines. Ends volcanic CO2 outgassing and the weathering thermostat."
Decline,+1 to +5 Gyr,—,Geodynamo weakens and ceases; magnetic shield lost,Earth,Moderate,"Inner core growth eventually stops core convection. Timing highly uncertain. Accelerates atmospheric stripping."
Decline,~+3.34 Gyr,—,Possible inner planet orbital destabilization,Solar,Low-probability,"~1% of solutions in Laskar & Gastineau 2009 (2501 integrations). Mercury's eccentricity grows enough for collision with Venus or the Sun. Perturbing Mercury by 0.38 mm flips the outcome."
Sun's end,+5 Gyr,—,Core hydrogen exhausted; Sun leaves the main sequence,Solar,Firm,"Fusion moves to a shell around an inert contracting helium core."
Sun's end,+5 to +7.6 Gyr,—,Red giant branch ascent; ~0.6 Gyr climb,Solar,Firm,"Sun sheds up to ~28% of its mass. Planets drift outward as solar gravity weakens."
Sun's end,+7.59 Gyr,—,"RGB tip: 2730 L-sun, 256 R-sun (1.2 AU), 2600 K surface",Solar,Firm,"Schroder & Smith 2008. Sun has lost 0.332 solar masses. Mercury and Venus engulfed."
Sun's end,+7.59 Gyr,—,Helium flash; degenerate core ignites,Solar,Firm,"Triple-alpha process begins. Degeneracy lifted. Mostly invisible from outside."
Sun's end,+7.59 Gyr,—,Earth engulfed (probably),Earth,Contested,"Race between mass-loss orbital expansion and tidal drag. Schroder & Smith 2008 say engulfed; Nordhaus 2010 says survives with higher mass loss. If engulfed, Earth spirals to the core in ~3000 yr. If not, a bare molten or iron-rich remnant at ~1.4 AU."
Sun's end,+7.6 Gyr,—,Horizontal branch: core helium burning for ~100 Myr,Solar,Firm,"Sun contracts to a few tens of L-sun. The last quiet interval."
Sun's end,+7.7 Gyr,—,"AGB: ~3000 L-sun, thermal pulses, dredge-up",Solar,Firm,"Brighter than the RGB tip and reached in ~20 Myr rather than 0.6 Gyr. Surface enriched in carbon, nitrogen, and s-process elements. Whether the Sun becomes a carbon star is at the edge of models."
Sun's end,+7.7 Gyr,—,Icy moon habitable window,Outer system,Moderate,"Titan: several hundred Myr of liquid water-ammonia (Lorenz 1997). Europa: ~0.2 Gyr vapor atmosphere (Mullens 2025). Stern's 'delayed gratification habitable zone.' Saturn's rings sublimate."
Sun's end,+7.8 Gyr,—,Planetary nebula ejected; visible ~10000 yr,Solar,Firm,"Exposed core at 100000-200000 K photoionizes the shell. Brief peak of several thousand L-sun."
Sun's end,+7.8 Gyr,—,White dwarf remains: ~0.5-0.55 solar masses,Solar,Firm,"Carbon-oxygen core, roughly Earth-sized. ~15 L-sun at peak, almost entirely extreme UV. Surviving planets' orbits have roughly doubled."
Sun's end,+7.8 Gyr onward,—,Oort cloud stripped; Kuiper belt stirred,Outer system,Moderate,"Solar mass loss plus galactic tides and stellar flybys (~20 encounters within 1 pc per Myr, Bailer-Jones 2017)."
Deep future,+4 to +10 Gyr,—,Milky Way-Andromeda merger,Galactic,Newly uncertain,"Sawala et al. 2025 puts it near 50% within 10 Gyr. Wu et al. 2026 revises back to ~90%, median ~6.5 Gyr. Genuinely open."
Deep future,+10 Gyr,—,White dwarf cooled to ~4000 K; 0.00004 L-sun,Solar,Firm,"A small orange star. Surviving planets frozen. Equivalent to sunlight at ~160 AU."
Deep future,several Gyr post-formation,—,White dwarf core crystallizes; latent heat delays cooling,Solar,Firm,"Oxygen crystallizes first and sinks; carbon floats. Confirmed by Gaia as a pile-up in the cooling sequence."
Deep future,10^15 yr,—,White dwarf cools to a black dwarf,Solar,Firm (theory),"~1 million Gyr. No black dwarf exists yet anywhere; the universe is ~70000x too young."
Deep future,10^20 yr,—,Galaxies evaporate via stellar scattering,Galactic,Theoretical,"Adams & Laughlin 1997."
Deep future,10^34 to 10^43 yr,—,Proton decay erodes remnants,Cosmic,Theoretical,"Never observed. A proton-decay-fueled white dwarf radiates ~400 W — an entire galaxy of them dimmer than one hydrogen-burning star."
Deep future,>10^100 yr,—,Dark era: only low-energy photons and leptons,Cosmic,Theoretical,"Black holes evaporate via Hawking radiation by ~10^100 yr."
